{"cameraMode":{"drawMode":0,"name":"Shaded","section":"Shading Mode"},"sceneLighting":true,"audioPlay":false,"sceneViewState":{"m_AlwaysRefresh":false,"showFog":true,"showSkybox":true,"showFlares":true,"showImageEffects":true,"showParticleSystems":true,"showVisualEffectGraphs":true,"m_FxEnabled":true},"in2DMode":false,"pivot":{"x":46.562686920166019,"y":29.006763458251954,"z":-153.20970153808595},"rotation":{"x":-0.06390489637851715,"y":-0.048400748521089557,"z":-0.00364716537296772,"w":-0.9981417059898377},"size":1.4242936372756959,"orthographic":false}