{"cameraMode":{"drawMode":0,"name":"Shaded","section":"Shading Mode"},"sceneLighting":true,"audioPlay":false,"sceneViewState":{"m_AlwaysRefresh":false,"showFog":true,"showSkybox":true,"showFlares":true,"showImageEffects":true,"showParticleSystems":true,"showVisualEffectGraphs":true,"m_FxEnabled":true},"in2DMode":false,"pivot":{"x":307.50177001953127,"y":121.75249481201172,"z":-339.3298645019531},"rotation":{"x":-0.002013175981119275,"y":0.061228252947330478,"z":0.006177850067615509,"w":0.9994533658027649},"size":1.4329813718795777,"orthographic":false}